--
-- Create BLC PERMISSIONS (These permissions are required for the admin)
--
INSERT INTO BLC_ADMIN_PERMISSION (ADMIN_PERMISSION_ID, DESCRIPTION, NAME, PERMISSION_TYPE, IS_FRIENDLY) VALUES (-1,'Default Permission','PERMISSION_OTHER_DEFAULT', 'OTHER', FALSE);

--
-- Create BLC ENTITY PERMISSIONS (These are specific permissions for CRUD operations on each entity being
--  managed by the BLC Admin).   Maps permissions above to allowed entity operations.
--

-- category needs static assets and products
-- product needs static assets, broadleafcurrency
-- order needs customer, fulfillment group, order items, offers

-- Category Permissions
INSERT INTO BLC_ADMIN_PERMISSION (ADMIN_PERMISSION_ID, DESCRIPTION, NAME, PERMISSION_TYPE, IS_FRIENDLY) VALUES (-2,'Read Category','PERMISSION_READ_CATEGORY', 'READ', FALSE);
INSERT INTO BLC_ADMIN_PERMISSION (ADMIN_PERMISSION_ID, DESCRIPTION, NAME, PERMISSION_TYPE, IS_FRIENDLY) VALUES (-3,'All Category','PERMISSION_ALL_CATEGORY', 'ALL', FALSE);
INSERT INTO BLC_ADMIN_PERMISSION_ENTITY (ADMIN_PERMISSION_ENTITY_ID, CEILING_ENTITY, ADMIN_PERMISSION_ID) VALUES (-1, 'org.broadleafcommerce.core.catalog.domain.Category', -2);
INSERT INTO BLC_ADMIN_PERMISSION_ENTITY (ADMIN_PERMISSION_ENTITY_ID, CEILING_ENTITY, ADMIN_PERMISSION_ID) VALUES (-2, 'org.broadleafcommerce.core.catalog.domain.Category', -3);
INSERT INTO BLC_ADMIN_PERMISSION_ENTITY (ADMIN_PERMISSION_ENTITY_ID, CEILING_ENTITY, ADMIN_PERMISSION_ID) VALUES (-3, 'org.broadleafcommerce.core.catalog.domain.CategoryAttribute', -2);
INSERT INTO BLC_ADMIN_PERMISSION_ENTITY (ADMIN_PERMISSION_ENTITY_ID, CEILING_ENTITY, ADMIN_PERMISSION_ID) VALUES (-4, 'org.broadleafcommerce.core.catalog.domain.CategoryAttribute', -3);
INSERT INTO BLC_ADMIN_PERMISSION_ENTITY (ADMIN_PERMISSION_ENTITY_ID, CEILING_ENTITY, ADMIN_PERMISSION_ID) VALUES (-5, 'org.broadleafcommerce.core.catalog.domain.CategoryProductXrefImpl', -2);
INSERT INTO BLC_ADMIN_PERMISSION_ENTITY (ADMIN_PERMISSION_ENTITY_ID, CEILING_ENTITY, ADMIN_PERMISSION_ID) VALUES (-6, 'org.broadleafcommerce.core.catalog.domain.CategoryProductXrefImpl', -3);
INSERT INTO BLC_ADMIN_PERMISSION_ENTITY (ADMIN_PERMISSION_ENTITY_ID, CEILING_ENTITY, ADMIN_PERMISSION_ID) VALUES (-7, 'org.broadleafcommerce.core.catalog.domain.CategoryXrefImpl', -2);
INSERT INTO BLC_ADMIN_PERMISSION_ENTITY (ADMIN_PERMISSION_ENTITY_ID, CEILING_ENTITY, ADMIN_PERMISSION_ID) VALUES (-8, 'org.broadleafcommerce.core.catalog.domain.CategoryXrefImpl', -3);
INSERT INTO BLC_ADMIN_PERMISSION_ENTITY (ADMIN_PERMISSION_ENTITY_ID, CEILING_ENTITY, ADMIN_PERMISSION_ID) VALUES (-9, 'org.broadleafcommerce.core.catalog.domain.FeaturedProductImpl', -2);
INSERT INTO BLC_ADMIN_PERMISSION_ENTITY (ADMIN_PERMISSION_ENTITY_ID, CEILING_ENTITY, ADMIN_PERMISSION_ID) VALUES (-10, 'org.broadleafcommerce.core.catalog.domain.FeaturedProductImpl', -3);
INSERT INTO BLC_ADMIN_PERMISSION_ENTITY (ADMIN_PERMISSION_ENTITY_ID, CEILING_ENTITY, ADMIN_PERMISSION_ID) VALUES (-11, 'org.broadleafcommerce.core.catalog.domain.CrossSaleProductImpl', -2);
INSERT INTO BLC_ADMIN_PERMISSION_ENTITY (ADMIN_PERMISSION_ENTITY_ID, CEILING_ENTITY, ADMIN_PERMISSION_ID) VALUES (-12, 'org.broadleafcommerce.core.catalog.domain.CrossSaleProductImpl', -3);
INSERT INTO BLC_ADMIN_PERMISSION_ENTITY (ADMIN_PERMISSION_ENTITY_ID, CEILING_ENTITY, ADMIN_PERMISSION_ID) VALUES (-13, 'org.broadleafcommerce.core.catalog.domain.UpSaleProductImpl', -2);
INSERT INTO BLC_ADMIN_PERMISSION_ENTITY (ADMIN_PERMISSION_ENTITY_ID, CEILING_ENTITY, ADMIN_PERMISSION_ID) VALUES (-14, 'org.broadleafcommerce.core.catalog.domain.UpSaleProductImpl', -3);

-- Product Permissions
INSERT INTO BLC_ADMIN_PERMISSION (ADMIN_PERMISSION_ID, DESCRIPTION, NAME, PERMISSION_TYPE, IS_FRIENDLY) VALUES (-4,'Read Product','PERMISSION_READ_PRODUCT', 'READ', FALSE);
INSERT INTO BLC_ADMIN_PERMISSION (ADMIN_PERMISSION_ID, DESCRIPTION, NAME, PERMISSION_TYPE, IS_FRIENDLY) VALUES (-5,'All Product','PERMISSION_ALL_PRODUCT', 'ALL', FALSE);
INSERT INTO BLC_ADMIN_PERMISSION_ENTITY (ADMIN_PERMISSION_ENTITY_ID, CEILING_ENTITY, ADMIN_PERMISSION_ID) VALUES (-100, 'org.broadleafcommerce.core.catalog.domain.Product', -4);
INSERT INTO BLC_ADMIN_PERMISSION_ENTITY (ADMIN_PERMISSION_ENTITY_ID, CEILING_ENTITY, ADMIN_PERMISSION_ID) VALUES (-101, 'org.broadleafcommerce.core.catalog.domain.Product', -5);
INSERT INTO BLC_ADMIN_PERMISSION_ENTITY (ADMIN_PERMISSION_ENTITY_ID, CEILING_ENTITY, ADMIN_PERMISSION_ID) VALUES (-102, 'org.broadleafcommerce.core.catalog.domain.ProductAttribute', -4);
INSERT INTO BLC_ADMIN_PERMISSION_ENTITY (ADMIN_PERMISSION_ENTITY_ID, CEILING_ENTITY, ADMIN_PERMISSION_ID) VALUES (-103, 'org.broadleafcommerce.core.catalog.domain.ProductAttribute', -5);
INSERT INTO BLC_ADMIN_PERMISSION_ENTITY (ADMIN_PERMISSION_ENTITY_ID, CEILING_ENTITY, ADMIN_PERMISSION_ID) VALUES (-104, 'org.broadleafcommerce.core.catalog.domain.UpSaleProductImpl', -4);
INSERT INTO BLC_ADMIN_PERMISSION_ENTITY (ADMIN_PERMISSION_ENTITY_ID, CEILING_ENTITY, ADMIN_PERMISSION_ID) VALUES (-105, 'org.broadleafcommerce.core.catalog.domain.UpSaleProductImpl', -5);
INSERT INTO BLC_ADMIN_PERMISSION_ENTITY (ADMIN_PERMISSION_ENTITY_ID, CEILING_ENTITY, ADMIN_PERMISSION_ID) VALUES (-106, 'org.broadleafcommerce.core.catalog.domain.SkuBundleItemImpl', -4);
INSERT INTO BLC_ADMIN_PERMISSION_ENTITY (ADMIN_PERMISSION_ENTITY_ID, CEILING_ENTITY, ADMIN_PERMISSION_ID) VALUES (-107, 'org.broadleafcommerce.core.catalog.domain.SkuBundleItemImpl', -5);

-- Product Options
INSERT INTO BLC_ADMIN_PERMISSION (ADMIN_PERMISSION_ID, DESCRIPTION, NAME, PERMISSION_TYPE, IS_FRIENDLY) VALUES (-6,'Read Product Option','PERMISSION_READ_PRODUCT_OPTION', 'READ', FALSE);
INSERT INTO BLC_ADMIN_PERMISSION (ADMIN_PERMISSION_ID, DESCRIPTION, NAME, PERMISSION_TYPE, IS_FRIENDLY) VALUES (-7,'All Product Option','PERMISSION_ALL_PRODUCT_OPTION', 'ALL', FALSE);
INSERT INTO BLC_ADMIN_PERMISSION_ENTITY (ADMIN_PERMISSION_ENTITY_ID, CEILING_ENTITY, ADMIN_PERMISSION_ID) VALUES (-200, 'org.broadleafcommerce.core.catalog.domain.ProductOption', -6);
INSERT INTO BLC_ADMIN_PERMISSION_ENTITY (ADMIN_PERMISSION_ENTITY_ID, CEILING_ENTITY, ADMIN_PERMISSION_ID) VALUES (-201, 'org.broadleafcommerce.core.catalog.domain.ProductOption', -7);
INSERT INTO BLC_ADMIN_PERMISSION_ENTITY (ADMIN_PERMISSION_ENTITY_ID, CEILING_ENTITY, ADMIN_PERMISSION_ID) VALUES (-202, 'org.broadleafcommerce.core.catalog.domain.ProductOptionValue', -6);
INSERT INTO BLC_ADMIN_PERMISSION_ENTITY (ADMIN_PERMISSION_ENTITY_ID, CEILING_ENTITY, ADMIN_PERMISSION_ID) VALUES (-203, 'org.broadleafcommerce.core.catalog.domain.ProductOptionValue', -7);
INSERT INTO BLC_ADMIN_PERMISSION_ENTITY (ADMIN_PERMISSION_ENTITY_ID, CEILING_ENTITY, ADMIN_PERMISSION_ID) VALUES (-204, 'org.broadleafcommerce.core.catalog.domain.ProductOptionXref', -6);
INSERT INTO BLC_ADMIN_PERMISSION_ENTITY (ADMIN_PERMISSION_ENTITY_ID, CEILING_ENTITY, ADMIN_PERMISSION_ID) VALUES (-205, 'org.broadleafcommerce.core.catalog.domain.ProductOptionXref', -7);

-- Skus
INSERT INTO BLC_ADMIN_PERMISSION (ADMIN_PERMISSION_ID, DESCRIPTION, NAME, PERMISSION_TYPE, IS_FRIENDLY) VALUES (-8,'Read Sku','PERMISSION_READ_SKU', 'READ', FALSE);
INSERT INTO BLC_ADMIN_PERMISSION (ADMIN_PERMISSION_ID, DESCRIPTION, NAME, PERMISSION_TYPE, IS_FRIENDLY) VALUES (-9,'All Sku','PERMISSION_ALL_SKU', 'ALL', FALSE);
INSERT INTO BLC_ADMIN_PERMISSION_ENTITY (ADMIN_PERMISSION_ENTITY_ID, CEILING_ENTITY, ADMIN_PERMISSION_ID) VALUES (-250, 'org.broadleafcommerce.core.catalog.domain.Sku', -8);
INSERT INTO BLC_ADMIN_PERMISSION_ENTITY (ADMIN_PERMISSION_ENTITY_ID, CEILING_ENTITY, ADMIN_PERMISSION_ID) VALUES (-251, 'org.broadleafcommerce.core.catalog.domain.Sku', -9);

-- Offer Permissions
INSERT INTO BLC_ADMIN_PERMISSION (ADMIN_PERMISSION_ID, DESCRIPTION, NAME, PERMISSION_TYPE, IS_FRIENDLY) VALUES (-10,'Read Promotion','PERMISSION_READ_PROMOTION', 'READ', FALSE);
INSERT INTO BLC_ADMIN_PERMISSION (ADMIN_PERMISSION_ID, DESCRIPTION, NAME, PERMISSION_TYPE, IS_FRIENDLY) VALUES (-11,'All Promotion','PERMISSION_ALL_PROMOTION', 'ALL', FALSE);
INSERT INTO BLC_ADMIN_PERMISSION_ENTITY (ADMIN_PERMISSION_ENTITY_ID, CEILING_ENTITY, ADMIN_PERMISSION_ID) VALUES (-300, 'org.broadleafcommerce.core.offer.domain.Offer', -10);
INSERT INTO BLC_ADMIN_PERMISSION_ENTITY (ADMIN_PERMISSION_ENTITY_ID, CEILING_ENTITY, ADMIN_PERMISSION_ID) VALUES (-301, 'org.broadleafcommerce.core.offer.domain.Offer', -11);
INSERT INTO BLC_ADMIN_PERMISSION_ENTITY (ADMIN_PERMISSION_ENTITY_ID, CEILING_ENTITY, ADMIN_PERMISSION_ID) VALUES (-302, 'org.broadleafcommerce.core.offer.domain.OfferItemCriteria', -10);
INSERT INTO BLC_ADMIN_PERMISSION_ENTITY (ADMIN_PERMISSION_ENTITY_ID, CEILING_ENTITY, ADMIN_PERMISSION_ID) VALUES (-303, 'org.broadleafcommerce.core.offer.domain.OfferItemCriteria', -11);
INSERT INTO BLC_ADMIN_PERMISSION_ENTITY (ADMIN_PERMISSION_ENTITY_ID, CEILING_ENTITY, ADMIN_PERMISSION_ID) VALUES (-304, 'org.broadleafcommerce.core.offer.domain.OfferCode', -10);
INSERT INTO BLC_ADMIN_PERMISSION_ENTITY (ADMIN_PERMISSION_ENTITY_ID, CEILING_ENTITY, ADMIN_PERMISSION_ID) VALUES (-305, 'org.broadleafcommerce.core.offer.domain.OfferCode', -11);
INSERT INTO BLC_ADMIN_PERMISSION_ENTITY (ADMIN_PERMISSION_ENTITY_ID, CEILING_ENTITY, ADMIN_PERMISSION_ID) VALUES (-306, 'org.broadleafcommerce.core.offer.domain.OfferTier', -10);
INSERT INTO BLC_ADMIN_PERMISSION_ENTITY (ADMIN_PERMISSION_ENTITY_ID, CEILING_ENTITY, ADMIN_PERMISSION_ID) VALUES (-307, 'org.broadleafcommerce.core.offer.domain.OfferTier', -11);


-- Order Permissions
INSERT INTO BLC_ADMIN_PERMISSION (ADMIN_PERMISSION_ID, DESCRIPTION, NAME, PERMISSION_TYPE, IS_FRIENDLY) VALUES (-12,'Read Order','PERMISSION_READ_ORDER', 'READ', FALSE);
INSERT INTO BLC_ADMIN_PERMISSION (ADMIN_PERMISSION_ID, DESCRIPTION, NAME, PERMISSION_TYPE, IS_FRIENDLY) VALUES (-13,'All Order','PERMISSION_ALL_ORDER', 'ALL', FALSE);
INSERT INTO BLC_ADMIN_PERMISSION_ENTITY (ADMIN_PERMISSION_ENTITY_ID, CEILING_ENTITY, ADMIN_PERMISSION_ID) VALUES (-350, 'org.broadleafcommerce.core.order.domain.Order', -12);
INSERT INTO BLC_ADMIN_PERMISSION_ENTITY (ADMIN_PERMISSION_ENTITY_ID, CEILING_ENTITY, ADMIN_PERMISSION_ID) VALUES (-351, 'org.broadleafcommerce.core.order.domain.Order', -13);
INSERT INTO BLC_ADMIN_PERMISSION_ENTITY (ADMIN_PERMISSION_ENTITY_ID, CEILING_ENTITY, ADMIN_PERMISSION_ID) VALUES (-355, 'org.broadleafcommerce.core.offer.domain.OrderAdjustment', -12);
INSERT INTO BLC_ADMIN_PERMISSION_ENTITY (ADMIN_PERMISSION_ENTITY_ID, CEILING_ENTITY, ADMIN_PERMISSION_ID) VALUES (-356, 'org.broadleafcommerce.core.offer.domain.OrderAdjustment', -13);
INSERT INTO BLC_ADMIN_PERMISSION_ENTITY (ADMIN_PERMISSION_ENTITY_ID, CEILING_ENTITY, ADMIN_PERMISSION_ID) VALUES (-360, 'org.broadleafcommerce.core.payment.domain.OrderPayment', -12);
INSERT INTO BLC_ADMIN_PERMISSION_ENTITY (ADMIN_PERMISSION_ENTITY_ID, CEILING_ENTITY, ADMIN_PERMISSION_ID) VALUES (-361, 'org.broadleafcommerce.core.payment.domain.OrderPayment', -13);
INSERT INTO BLC_ADMIN_PERMISSION_ENTITY (ADMIN_PERMISSION_ENTITY_ID, CEILING_ENTITY, ADMIN_PERMISSION_ID) VALUES (-365, 'org.broadleafcommerce.profile.core.domain.Country', -12);
INSERT INTO BLC_ADMIN_PERMISSION_ENTITY (ADMIN_PERMISSION_ENTITY_ID, CEILING_ENTITY, ADMIN_PERMISSION_ID) VALUES (-366, 'org.broadleafcommerce.profile.core.domain.Country', -13);
INSERT INTO BLC_ADMIN_PERMISSION_ENTITY (ADMIN_PERMISSION_ENTITY_ID, CEILING_ENTITY, ADMIN_PERMISSION_ID) VALUES (-367, 'org.broadleafcommerce.profile.core.domain.State', -12);
INSERT INTO BLC_ADMIN_PERMISSION_ENTITY (ADMIN_PERMISSION_ENTITY_ID, CEILING_ENTITY, ADMIN_PERMISSION_ID) VALUES (-368, 'org.broadleafcommerce.profile.core.domain.State', -13);
INSERT INTO BLC_ADMIN_PERMISSION_ENTITY (ADMIN_PERMISSION_ENTITY_ID, CEILING_ENTITY, ADMIN_PERMISSION_ID) VALUES (-369, 'org.broadleafcommerce.core.payment.domain.PaymentTransactionImpl', -12);
INSERT INTO BLC_ADMIN_PERMISSION_ENTITY (ADMIN_PERMISSION_ENTITY_ID, CEILING_ENTITY, ADMIN_PERMISSION_ID) VALUES (-370, 'org.broadleafcommerce.core.payment.domain.PaymentTransactionImpl', -13);

-- Fulfillment Group
INSERT INTO BLC_ADMIN_PERMISSION (ADMIN_PERMISSION_ID, DESCRIPTION, NAME, PERMISSION_TYPE, IS_FRIENDLY) VALUES (-14,'Read Fulfillment Group','PERMISSION_READ_FULFILLMENT_GROUP', 'READ', FALSE);
INSERT INTO BLC_ADMIN_PERMISSION (ADMIN_PERMISSION_ID, DESCRIPTION, NAME, PERMISSION_TYPE, IS_FRIENDLY) VALUES (-15,'All Fulfillment Group','PERMISSION_ALL_FULFILLMENT_GROUP', 'ALL', FALSE);
INSERT INTO BLC_ADMIN_PERMISSION_ENTITY (ADMIN_PERMISSION_ENTITY_ID, CEILING_ENTITY, ADMIN_PERMISSION_ID) VALUES (-400, 'org.broadleafcommerce.core.order.domain.FulfillmentGroup', -14);
INSERT INTO BLC_ADMIN_PERMISSION_ENTITY (ADMIN_PERMISSION_ENTITY_ID, CEILING_ENTITY, ADMIN_PERMISSION_ID) VALUES (-401, 'org.broadleafcommerce.core.order.domain.FulfillmentGroup', -15);
INSERT INTO BLC_ADMIN_PERMISSION_ENTITY (ADMIN_PERMISSION_ENTITY_ID, CEILING_ENTITY, ADMIN_PERMISSION_ID) VALUES (-402, 'org.broadleafcommerce.core.offer.domain.FulfillmentGroupAdjustment', -14);
INSERT INTO BLC_ADMIN_PERMISSION_ENTITY (ADMIN_PERMISSION_ENTITY_ID, CEILING_ENTITY, ADMIN_PERMISSION_ID) VALUES (-403, 'org.broadleafcommerce.core.offer.domain.FulfillmentGroupAdjustment', -15);
INSERT INTO BLC_ADMIN_PERMISSION_ENTITY (ADMIN_PERMISSION_ENTITY_ID, CEILING_ENTITY, ADMIN_PERMISSION_ID) VALUES (-404, 'org.broadleafcommerce.core.order.domain.FulfillmentGroupFeeImpl', -14);
INSERT INTO BLC_ADMIN_PERMISSION_ENTITY (ADMIN_PERMISSION_ENTITY_ID, CEILING_ENTITY, ADMIN_PERMISSION_ID) VALUES (-405, 'org.broadleafcommerce.core.order.domain.FulfillmentGroupFeeImpl', -15);
INSERT INTO BLC_ADMIN_PERMISSION_ENTITY (ADMIN_PERMISSION_ENTITY_ID, CEILING_ENTITY, ADMIN_PERMISSION_ID) VALUES (-406, 'org.broadleafcommerce.core.order.domain.FulfillmentGroupItemImpl', -14);
INSERT INTO BLC_ADMIN_PERMISSION_ENTITY (ADMIN_PERMISSION_ENTITY_ID, CEILING_ENTITY, ADMIN_PERMISSION_ID) VALUES (-407, 'org.broadleafcommerce.core.order.domain.FulfillmentGroupItemImpl', -15);

-- Order Items
INSERT INTO BLC_ADMIN_PERMISSION (ADMIN_PERMISSION_ID, DESCRIPTION, NAME, PERMISSION_TYPE, IS_FRIENDLY) VALUES (-16,'Read Order Item','PERMISSION_READ_ORDER_ITEM', 'READ', FALSE);
INSERT INTO BLC_ADMIN_PERMISSION (ADMIN_PERMISSION_ID, DESCRIPTION, NAME, PERMISSION_TYPE, IS_FRIENDLY) VALUES (-17,'All Order Item','PERMISSION_ALL_ORDER_ITEM', 'ALL', FALSE);
INSERT INTO BLC_ADMIN_PERMISSION_ENTITY (ADMIN_PERMISSION_ENTITY_ID, CEILING_ENTITY, ADMIN_PERMISSION_ID) VALUES (-450, 'org.broadleafcommerce.core.order.domain.OrderItem', -16);
INSERT INTO BLC_ADMIN_PERMISSION_ENTITY (ADMIN_PERMISSION_ENTITY_ID, CEILING_ENTITY, ADMIN_PERMISSION_ID) VALUES (-451, 'org.broadleafcommerce.core.order.domain.OrderItem', -17);
INSERT INTO BLC_ADMIN_PERMISSION_ENTITY (ADMIN_PERMISSION_ENTITY_ID, CEILING_ENTITY, ADMIN_PERMISSION_ID) VALUES (-452, 'org.broadleafcommerce.core.order.domain.DiscreteOrderItemFeePrice', -16);
INSERT INTO BLC_ADMIN_PERMISSION_ENTITY (ADMIN_PERMISSION_ENTITY_ID, CEILING_ENTITY, ADMIN_PERMISSION_ID) VALUES (-453, 'org.broadleafcommerce.core.order.domain.DiscreteOrderItemFeePrice', -17);
INSERT INTO BLC_ADMIN_PERMISSION_ENTITY (ADMIN_PERMISSION_ENTITY_ID, CEILING_ENTITY, ADMIN_PERMISSION_ID) VALUES (-454, 'org.broadleafcommerce.core.offer.domain.OrderItemAdjustment', -16);
INSERT INTO BLC_ADMIN_PERMISSION_ENTITY (ADMIN_PERMISSION_ENTITY_ID, CEILING_ENTITY, ADMIN_PERMISSION_ID) VALUES (-455, 'org.broadleafcommerce.core.offer.domain.OrderItemAdjustment', -17);
INSERT INTO BLC_ADMIN_PERMISSION_ENTITY (ADMIN_PERMISSION_ENTITY_ID, CEILING_ENTITY, ADMIN_PERMISSION_ID) VALUES (-456, 'org.broadleafcommerce.core.offer.domain.OrderItemPriceDetailAdjustmentImpl', -16);
INSERT INTO BLC_ADMIN_PERMISSION_ENTITY (ADMIN_PERMISSION_ENTITY_ID, CEILING_ENTITY, ADMIN_PERMISSION_ID) VALUES (-457, 'org.broadleafcommerce.core.offer.domain.OrderItemPriceDetailAdjustmentImpl', -17);
INSERT INTO BLC_ADMIN_PERMISSION_ENTITY (ADMIN_PERMISSION_ENTITY_ID, CEILING_ENTITY, ADMIN_PERMISSION_ID) VALUES (-458, 'org.broadleafcommerce.core.order.domain.OrderItemPriceDetailImpl', -16);
INSERT INTO BLC_ADMIN_PERMISSION_ENTITY (ADMIN_PERMISSION_ENTITY_ID, CEILING_ENTITY, ADMIN_PERMISSION_ID) VALUES (-459, 'org.broadleafcommerce.core.order.domain.OrderItemPriceDetailImpl', -17);
INSERT INTO BLC_ADMIN_PERMISSION_ENTITY (ADMIN_PERMISSION_ENTITY_ID, CEILING_ENTITY, ADMIN_PERMISSION_ID) VALUES (-460, 'org.broadleafcommerce.core.order.domain.BundleOrderItemFeePriceImpl', -16);
INSERT INTO BLC_ADMIN_PERMISSION_ENTITY (ADMIN_PERMISSION_ENTITY_ID, CEILING_ENTITY, ADMIN_PERMISSION_ID) VALUES (-461, 'org.broadleafcommerce.core.order.domain.BundleOrderItemFeePriceImpl', -17);

-- Customer
INSERT INTO BLC_ADMIN_PERMISSION (ADMIN_PERMISSION_ID, DESCRIPTION, NAME, PERMISSION_TYPE, IS_FRIENDLY) VALUES (-18,'Read Customer','PERMISSION_READ_CUSTOMER', 'READ', FALSE);
INSERT INTO BLC_ADMIN_PERMISSION (ADMIN_PERMISSION_ID, DESCRIPTION, NAME, PERMISSION_TYPE, IS_FRIENDLY) VALUES (-19,'All Customer','PERMISSION_ALL_CUSTOMER', 'ALL', FALSE);
INSERT INTO BLC_ADMIN_PERMISSION_ENTITY (ADMIN_PERMISSION_ENTITY_ID, CEILING_ENTITY, ADMIN_PERMISSION_ID) VALUES (-500, 'org.broadleafcommerce.profile.core.domain.Customer', -18);
INSERT INTO BLC_ADMIN_PERMISSION_ENTITY (ADMIN_PERMISSION_ENTITY_ID, CEILING_ENTITY, ADMIN_PERMISSION_ID) VALUES (-501, 'org.broadleafcommerce.profile.core.domain.Customer', -19);
INSERT INTO BLC_ADMIN_PERMISSION_ENTITY (ADMIN_PERMISSION_ENTITY_ID, CEILING_ENTITY, ADMIN_PERMISSION_ID) VALUES (-502, 'org.broadleafcommerce.profile.core.domain.ChallengeQuestion', -18);
INSERT INTO BLC_ADMIN_PERMISSION_ENTITY (ADMIN_PERMISSION_ENTITY_ID, CEILING_ENTITY, ADMIN_PERMISSION_ID) VALUES (-503, 'org.broadleafcommerce.profile.core.domain.ChallengeQuestion', -19);
INSERT INTO BLC_ADMIN_PERMISSION_ENTITY (ADMIN_PERMISSION_ENTITY_ID, CEILING_ENTITY, ADMIN_PERMISSION_ID) VALUES (-504, 'org.broadleafcommerce.profile.core.domain.CustomerAttribute', -18);
INSERT INTO BLC_ADMIN_PERMISSION_ENTITY (ADMIN_PERMISSION_ENTITY_ID, CEILING_ENTITY, ADMIN_PERMISSION_ID) VALUES (-506, 'org.broadleafcommerce.profile.core.domain.CustomerAttribute', -19);
INSERT INTO BLC_ADMIN_PERMISSION_ENTITY (ADMIN_PERMISSION_ENTITY_ID, CEILING_ENTITY, ADMIN_PERMISSION_ID) VALUES (-507, 'org.broadleafcommerce.profile.core.domain.CustomerAddress', -18);
INSERT INTO BLC_ADMIN_PERMISSION_ENTITY (ADMIN_PERMISSION_ENTITY_ID, CEILING_ENTITY, ADMIN_PERMISSION_ID) VALUES (-508, 'org.broadleafcommerce.profile.core.domain.CustomerAddress', -19);
INSERT INTO BLC_ADMIN_PERMISSION_ENTITY (ADMIN_PERMISSION_ENTITY_ID, CEILING_ENTITY, ADMIN_PERMISSION_ID) VALUES (-509, 'org.broadleafcommerce.profile.core.domain.CustomerPayment', -18);
INSERT INTO BLC_ADMIN_PERMISSION_ENTITY (ADMIN_PERMISSION_ENTITY_ID, CEILING_ENTITY, ADMIN_PERMISSION_ID) VALUES (-510, 'org.broadleafcommerce.profile.core.domain.CustomerPayment', -19);
INSERT INTO BLC_ADMIN_PERMISSION_ENTITY (ADMIN_PERMISSION_ENTITY_ID, CEILING_ENTITY, ADMIN_PERMISSION_ID) VALUES (-511, 'org.broadleafcommerce.profile.core.domain.CustomerPhone', -18);
INSERT INTO BLC_ADMIN_PERMISSION_ENTITY (ADMIN_PERMISSION_ENTITY_ID, CEILING_ENTITY, ADMIN_PERMISSION_ID) VALUES (-512, 'org.broadleafcommerce.profile.core.domain.CustomerPhone', -19);
INSERT INTO BLC_ADMIN_PERMISSION_ENTITY (ADMIN_PERMISSION_ENTITY_ID, CEILING_ENTITY, ADMIN_PERMISSION_ID) VALUES (-513, 'org.broadleafcommerce.core.catalog.domain.CrossSaleProductImpl', -18);
INSERT INTO BLC_ADMIN_PERMISSION_ENTITY (ADMIN_PERMISSION_ENTITY_ID, CEILING_ENTITY, ADMIN_PERMISSION_ID) VALUES (-514, 'org.broadleafcommerce.core.catalog.domain.CrossSaleProductImpl', -19);

-- Page
INSERT INTO BLC_ADMIN_PERMISSION (ADMIN_PERMISSION_ID, DESCRIPTION, NAME, PERMISSION_TYPE, IS_FRIENDLY) VALUES (-20,'Read Page','PERMISSION_READ_PAGE', 'READ', FALSE);
INSERT INTO BLC_ADMIN_PERMISSION (ADMIN_PERMISSION_ID, DESCRIPTION, NAME, PERMISSION_TYPE, IS_FRIENDLY) VALUES (-21,'All Page','PERMISSION_ALL_PAGE', 'ALL', FALSE);
INSERT INTO BLC_ADMIN_PERMISSION_ENTITY (ADMIN_PERMISSION_ENTITY_ID, CEILING_ENTITY, ADMIN_PERMISSION_ID) VALUES (-550, 'org.broadleafcommerce.cms.page.domain.Page', -20);
INSERT INTO BLC_ADMIN_PERMISSION_ENTITY (ADMIN_PERMISSION_ENTITY_ID, CEILING_ENTITY, ADMIN_PERMISSION_ID) VALUES (-551, 'org.broadleafcommerce.cms.page.domain.Page', -21);
INSERT INTO BLC_ADMIN_PERMISSION_ENTITY (ADMIN_PERMISSION_ENTITY_ID, CEILING_ENTITY, ADMIN_PERMISSION_ID) VALUES (-554, 'org.broadleafcommerce.cms.page.domain.PageItemCriteria', -20);
INSERT INTO BLC_ADMIN_PERMISSION_ENTITY (ADMIN_PERMISSION_ENTITY_ID, CEILING_ENTITY, ADMIN_PERMISSION_ID) VALUES (-555, 'org.broadleafcommerce.cms.page.domain.PageItemCriteria', -21);
INSERT INTO BLC_ADMIN_PERMISSION_ENTITY (ADMIN_PERMISSION_ENTITY_ID, CEILING_ENTITY, ADMIN_PERMISSION_ID) VALUES (-556, 'org.broadleafcommerce.common.locale.domain.Locale', -20);
INSERT INTO BLC_ADMIN_PERMISSION_ENTITY (ADMIN_PERMISSION_ENTITY_ID, CEILING_ENTITY, ADMIN_PERMISSION_ID) VALUES (-557, 'org.broadleafcommerce.common.locale.domain.Locale', -21);

-- Page Template
INSERT INTO BLC_ADMIN_PERMISSION (ADMIN_PERMISSION_ID, DESCRIPTION, NAME, PERMISSION_TYPE, IS_FRIENDLY) VALUES (-200,'Read Page Template','PERMISSION_READ_PAGE_TEMPLATE', 'READ', FALSE);
INSERT INTO BLC_ADMIN_PERMISSION_ENTITY (ADMIN_PERMISSION_ENTITY_ID, CEILING_ENTITY, ADMIN_PERMISSION_ID) VALUES (-552, 'org.broadleafcommerce.cms.page.domain.PageTemplate', -200);

-- Assets
INSERT INTO BLC_ADMIN_PERMISSION (ADMIN_PERMISSION_ID, DESCRIPTION, NAME, PERMISSION_TYPE, IS_FRIENDLY) VALUES (-22,'Read Asset','PERMISSION_READ_ASSET', 'READ', FALSE);
INSERT INTO BLC_ADMIN_PERMISSION (ADMIN_PERMISSION_ID, DESCRIPTION, NAME, PERMISSION_TYPE, IS_FRIENDLY) VALUES (-23,'All Asset','PERMISSION_ALL_ASSET', 'ALL', FALSE);
INSERT INTO BLC_ADMIN_PERMISSION_ENTITY (ADMIN_PERMISSION_ENTITY_ID, CEILING_ENTITY, ADMIN_PERMISSION_ID) VALUES (-600, 'org.broadleafcommerce.cms.file.domain.StaticAsset', -22);
INSERT INTO BLC_ADMIN_PERMISSION_ENTITY (ADMIN_PERMISSION_ENTITY_ID, CEILING_ENTITY, ADMIN_PERMISSION_ID) VALUES (-601, 'org.broadleafcommerce.cms.file.domain.StaticAsset', -23);
INSERT INTO BLC_ADMIN_PERMISSION_ENTITY (ADMIN_PERMISSION_ENTITY_ID, CEILING_ENTITY, ADMIN_PERMISSION_ID) VALUES (-602, 'org.broadleafcommerce.cms.file.domain.StaticAssetFolder', -22);
INSERT INTO BLC_ADMIN_PERMISSION_ENTITY (ADMIN_PERMISSION_ENTITY_ID, CEILING_ENTITY, ADMIN_PERMISSION_ID) VALUES (-603, 'org.broadleafcommerce.cms.file.domain.StaticAssetFolder', -23);

-- Structured Content
INSERT INTO BLC_ADMIN_PERMISSION (ADMIN_PERMISSION_ID, DESCRIPTION, NAME, PERMISSION_TYPE, IS_FRIENDLY) VALUES (-24,'Read Structured Content','PERMISSION_READ_STRUCTURED_CONTENT', 'READ', FALSE);
INSERT INTO BLC_ADMIN_PERMISSION (ADMIN_PERMISSION_ID, DESCRIPTION, NAME, PERMISSION_TYPE, IS_FRIENDLY) VALUES (-25,'All Structured Content','PERMISSION_ALL_STRUCTURED_CONTENT', 'ALL', FALSE);
INSERT INTO BLC_ADMIN_PERMISSION_ENTITY (ADMIN_PERMISSION_ENTITY_ID, CEILING_ENTITY, ADMIN_PERMISSION_ID) VALUES (-650, 'org.broadleafcommerce.cms.structure.domain.StructuredContent', -24);
INSERT INTO BLC_ADMIN_PERMISSION_ENTITY (ADMIN_PERMISSION_ENTITY_ID, CEILING_ENTITY, ADMIN_PERMISSION_ID) VALUES (-651, 'org.broadleafcommerce.cms.structure.domain.StructuredContent', -25);
INSERT INTO BLC_ADMIN_PERMISSION_ENTITY (ADMIN_PERMISSION_ENTITY_ID, CEILING_ENTITY, ADMIN_PERMISSION_ID) VALUES (-654, 'org.broadleafcommerce.cms.structure.domain.StructuredContentItemCriteria', -24);
INSERT INTO BLC_ADMIN_PERMISSION_ENTITY (ADMIN_PERMISSION_ENTITY_ID, CEILING_ENTITY, ADMIN_PERMISSION_ID) VALUES (-655, 'org.broadleafcommerce.cms.structure.domain.StructuredContentItemCriteria', -25);
INSERT INTO BLC_ADMIN_PERMISSION_ENTITY (ADMIN_PERMISSION_ENTITY_ID, CEILING_ENTITY, ADMIN_PERMISSION_ID) VALUES (-658, 'org.broadleafcommerce.common.locale.domain.Locale', -24);
INSERT INTO BLC_ADMIN_PERMISSION_ENTITY (ADMIN_PERMISSION_ENTITY_ID, CEILING_ENTITY, ADMIN_PERMISSION_ID) VALUES (-659, 'org.broadleafcommerce.common.locale.domain.Locale', -25);

-- Structured Content Template and Field Types
INSERT INTO BLC_ADMIN_PERMISSION (ADMIN_PERMISSION_ID, DESCRIPTION, NAME, PERMISSION_TYPE, IS_FRIENDLY) VALUES (-201,'Read Structured Content Template','PERMISSION_READ_STRUCTURED_CONTENT_TEMPLATE', 'READ', FALSE);
INSERT INTO BLC_ADMIN_PERMISSION_ENTITY (ADMIN_PERMISSION_ENTITY_ID, CEILING_ENTITY, ADMIN_PERMISSION_ID) VALUES (-653, 'org.broadleafcommerce.cms.structure.domain.StructuredContentType', -201);
INSERT INTO BLC_ADMIN_PERMISSION_ENTITY (ADMIN_PERMISSION_ENTITY_ID, CEILING_ENTITY, ADMIN_PERMISSION_ID) VALUES (-657, 'org.broadleafcommerce.cms.structure.domain.StructuredContentFieldTemplate', -201);

-- Admin User
INSERT INTO BLC_ADMIN_PERMISSION (ADMIN_PERMISSION_ID, DESCRIPTION, NAME, PERMISSION_TYPE, IS_FRIENDLY) VALUES (-26,'Read Admin User','PERMISSION_READ_ADMIN_USER', 'READ', FALSE);
INSERT INTO BLC_ADMIN_PERMISSION (ADMIN_PERMISSION_ID, DESCRIPTION, NAME, PERMISSION_TYPE, IS_FRIENDLY) VALUES (-27,'All Admin User','PERMISSION_ALL_ADMIN_USER', 'ALL', FALSE);
INSERT INTO BLC_ADMIN_PERMISSION_ENTITY (ADMIN_PERMISSION_ENTITY_ID, CEILING_ENTITY, ADMIN_PERMISSION_ID) VALUES (-720, 'org.broadleafcommerce.openadmin.server.security.domain.AdminUser', -26);
INSERT INTO BLC_ADMIN_PERMISSION_ENTITY (ADMIN_PERMISSION_ENTITY_ID, CEILING_ENTITY, ADMIN_PERMISSION_ID) VALUES (-721, 'org.broadleafcommerce.openadmin.server.security.domain.AdminUser', -27);

-- Moved Below to Admin Role and Admin Permission 
-- INSERT INTO BLC_ADMIN_PERMISSION_ENTITY (ADMIN_PERMISSION_ENTITY_ID, CEILING_ENTITY, ADMIN_PERMISSION_ID) VALUES (-722, 'org.broadleafcommerce.openadmin.server.security.domain.AdminRole', -26);
-- INSERT INTO BLC_ADMIN_PERMISSION_ENTITY (ADMIN_PERMISSION_ENTITY_ID, CEILING_ENTITY, ADMIN_PERMISSION_ID) VALUES (-723, 'org.broadleafcommerce.openadmin.server.security.domain.AdminRole', -27);
-- INSERT INTO BLC_ADMIN_PERMISSION_ENTITY (ADMIN_PERMISSION_ENTITY_ID, CEILING_ENTITY, ADMIN_PERMISSION_ID) VALUES (-724, 'org.broadleafcommerce.openadmin.server.security.domain.AdminPermission', -26);
-- INSERT INTO BLC_ADMIN_PERMISSION_ENTITY (ADMIN_PERMISSION_ENTITY_ID, CEILING_ENTITY, ADMIN_PERMISSION_ID) VALUES (-725, 'org.broadleafcommerce.openadmin.server.security.domain.AdminPermission', -27);

-- URL Handler
INSERT INTO BLC_ADMIN_PERMISSION (ADMIN_PERMISSION_ID, DESCRIPTION, NAME, PERMISSION_TYPE, IS_FRIENDLY) VALUES (-28,'Read URLHandler','PERMISSION_READ_URLHANDLER', 'READ', FALSE);
INSERT INTO BLC_ADMIN_PERMISSION (ADMIN_PERMISSION_ID, DESCRIPTION, NAME, PERMISSION_TYPE, IS_FRIENDLY) VALUES (-29,'All URLHandler','PERMISSION_ALL_URLHANDLER', 'ALL', FALSE);
INSERT INTO BLC_ADMIN_PERMISSION_ENTITY (ADMIN_PERMISSION_ENTITY_ID, CEILING_ENTITY, ADMIN_PERMISSION_ID) VALUES (-750, 'org.broadleafcommerce.cms.url.domain.URLHandler', -28);
INSERT INTO BLC_ADMIN_PERMISSION_ENTITY (ADMIN_PERMISSION_ENTITY_ID, CEILING_ENTITY, ADMIN_PERMISSION_ID) VALUES (-751, 'org.broadleafcommerce.cms.url.domain.URLHandler', -29);
INSERT INTO BLC_ADMIN_PERMISSION_ENTITY (ADMIN_PERMISSION_ENTITY_ID, CEILING_ENTITY, ADMIN_PERMISSION_ID) VALUES (-752, 'org.broadleafcommerce.common.locale.domain.Locale', -28);
INSERT INTO BLC_ADMIN_PERMISSION_ENTITY (ADMIN_PERMISSION_ENTITY_ID, CEILING_ENTITY, ADMIN_PERMISSION_ID) VALUES (-753, 'org.broadleafcommerce.common.locale.domain.Locale', -29);

-- Search Redirects
INSERT INTO BLC_ADMIN_PERMISSION (ADMIN_PERMISSION_ID, DESCRIPTION, NAME, PERMISSION_TYPE, IS_FRIENDLY) VALUES (-30,'Read SearchRedirect','PERMISSION_READ_SEARCHREDIRECT', 'READ', FALSE);
INSERT INTO BLC_ADMIN_PERMISSION (ADMIN_PERMISSION_ID, DESCRIPTION, NAME, PERMISSION_TYPE, IS_FRIENDLY) VALUES (-31,'All SearchRedirect','PERMISSION_ALL_SEARCHREDIRECT', 'ALL', FALSE);
INSERT INTO BLC_ADMIN_PERMISSION_ENTITY (ADMIN_PERMISSION_ENTITY_ID, CEILING_ENTITY, ADMIN_PERMISSION_ID) VALUES (-780, 'org.broadleafcommerce.core.search.redirect.domain.SearchRedirect', -30);
INSERT INTO BLC_ADMIN_PERMISSION_ENTITY (ADMIN_PERMISSION_ENTITY_ID, CEILING_ENTITY, ADMIN_PERMISSION_ID) VALUES (-781, 'org.broadleafcommerce.core.search.redirect.domain.SearchRedirect', -31);

-- Search Facets
INSERT INTO BLC_ADMIN_PERMISSION (ADMIN_PERMISSION_ID, DESCRIPTION, NAME, PERMISSION_TYPE, IS_FRIENDLY) VALUES (-32,'Read SearchFacet','PERMISSION_READ_SEARCHFACET', 'READ', FALSE);
INSERT INTO BLC_ADMIN_PERMISSION (ADMIN_PERMISSION_ID, DESCRIPTION, NAME, PERMISSION_TYPE, IS_FRIENDLY) VALUES (-33,'All SearchFacet','PERMISSION_ALL_SEARCHFACET', 'ALL', FALSE);
INSERT INTO BLC_ADMIN_PERMISSION_ENTITY (ADMIN_PERMISSION_ENTITY_ID, CEILING_ENTITY, ADMIN_PERMISSION_ID) VALUES (-800, 'org.broadleafcommerce.core.search.domain.SearchFacet', -32);
INSERT INTO BLC_ADMIN_PERMISSION_ENTITY (ADMIN_PERMISSION_ENTITY_ID, CEILING_ENTITY, ADMIN_PERMISSION_ID) VALUES (-801, 'org.broadleafcommerce.core.search.domain.SearchFacet', -33);
INSERT INTO BLC_ADMIN_PERMISSION_ENTITY (ADMIN_PERMISSION_ENTITY_ID, CEILING_ENTITY, ADMIN_PERMISSION_ID) VALUES (-802, 'org.broadleafcommerce.core.search.domain.Field', -32);
INSERT INTO BLC_ADMIN_PERMISSION_ENTITY (ADMIN_PERMISSION_ENTITY_ID, CEILING_ENTITY, ADMIN_PERMISSION_ID) VALUES (-803, 'org.broadleafcommerce.core.search.domain.Field', -33);
INSERT INTO BLC_ADMIN_PERMISSION_ENTITY (ADMIN_PERMISSION_ENTITY_ID, CEILING_ENTITY, ADMIN_PERMISSION_ID) VALUES (-804, 'org.broadleafcommerce.core.search.domain.CategorySearchFacet', -32);
INSERT INTO BLC_ADMIN_PERMISSION_ENTITY (ADMIN_PERMISSION_ENTITY_ID, CEILING_ENTITY, ADMIN_PERMISSION_ID) VALUES (-805, 'org.broadleafcommerce.core.search.domain.CategorySearchFacet', -33);
INSERT INTO BLC_ADMIN_PERMISSION_ENTITY (ADMIN_PERMISSION_ENTITY_ID, CEILING_ENTITY, ADMIN_PERMISSION_ID) VALUES (-806, 'org.broadleafcommerce.core.search.domain.SearchFacetRange', -32);
INSERT INTO BLC_ADMIN_PERMISSION_ENTITY (ADMIN_PERMISSION_ENTITY_ID, CEILING_ENTITY, ADMIN_PERMISSION_ID) VALUES (-807, 'org.broadleafcommerce.core.search.domain.SearchFacetRange', -33);
INSERT INTO BLC_ADMIN_PERMISSION_ENTITY (ADMIN_PERMISSION_ENTITY_ID, CEILING_ENTITY, ADMIN_PERMISSION_ID) VALUES (-808, 'org.broadleafcommerce.core.search.domain.CategoryExcludedSearchFacet', -32);
INSERT INTO BLC_ADMIN_PERMISSION_ENTITY (ADMIN_PERMISSION_ENTITY_ID, CEILING_ENTITY, ADMIN_PERMISSION_ID) VALUES (-809, 'org.broadleafcommerce.core.search.domain.CategoryExcludedSearchFacet', -33);

-- Broadleaf Currency
INSERT INTO BLC_ADMIN_PERMISSION (ADMIN_PERMISSION_ID, DESCRIPTION, NAME, PERMISSION_TYPE, IS_FRIENDLY) VALUES (-34,'Read Currency','PERMISSION_READ_CURRENCY', 'READ', FALSE);
INSERT INTO BLC_ADMIN_PERMISSION (ADMIN_PERMISSION_ID, DESCRIPTION, NAME, PERMISSION_TYPE, IS_FRIENDLY) VALUES (-35,'All Currency','PERMISSION_ALL_CURRENCY', 'ALL', FALSE);
INSERT INTO BLC_ADMIN_PERMISSION_ENTITY (ADMIN_PERMISSION_ENTITY_ID, CEILING_ENTITY, ADMIN_PERMISSION_ID) VALUES (-850, 'org.broadleafcommerce.common.currency.domain.BroadleafCurrency', -34);
INSERT INTO BLC_ADMIN_PERMISSION_ENTITY (ADMIN_PERMISSION_ENTITY_ID, CEILING_ENTITY, ADMIN_PERMISSION_ID) VALUES (-851, 'org.broadleafcommerce.common.currency.domain.BroadleafCurrency', -35);

-- Module Configuration
INSERT INTO BLC_ADMIN_PERMISSION (ADMIN_PERMISSION_ID, DESCRIPTION, NAME, PERMISSION_TYPE, IS_FRIENDLY) VALUES (-36,'Read Configuration','PERMISSION_READ_MODULECONFIGURATION', 'READ', FALSE);
INSERT INTO BLC_ADMIN_PERMISSION (ADMIN_PERMISSION_ID, DESCRIPTION, NAME, PERMISSION_TYPE, IS_FRIENDLY) VALUES (-37,'All Configuration','PERMISSION_ALL_MODULECONFIGURATION', 'ALL', FALSE);
INSERT INTO BLC_ADMIN_PERMISSION_ENTITY (ADMIN_PERMISSION_ENTITY_ID, CEILING_ENTITY, ADMIN_PERMISSION_ID) VALUES (-880, 'org.broadleafcommerce.common.config.domain.ModuleConfiguration', -36);
INSERT INTO BLC_ADMIN_PERMISSION_ENTITY (ADMIN_PERMISSION_ENTITY_ID, CEILING_ENTITY, ADMIN_PERMISSION_ID) VALUES (-881, 'org.broadleafcommerce.common.config.domain.ModuleConfiguration', -37);

-- Data Driven Enumerations
INSERT INTO BLC_ADMIN_PERMISSION (ADMIN_PERMISSION_ID, DESCRIPTION, NAME, PERMISSION_TYPE, IS_FRIENDLY) VALUES (-38,'Read Enumeration','PERMISSION_READ_ENUMERATION', 'READ', FALSE);
INSERT INTO BLC_ADMIN_PERMISSION (ADMIN_PERMISSION_ID, DESCRIPTION, NAME, PERMISSION_TYPE, IS_FRIENDLY) VALUES (-39,'All Enumeration','PERMISSION_ALL_ENUMERATION', 'ALL', FALSE);
INSERT INTO BLC_ADMIN_PERMISSION_ENTITY (ADMIN_PERMISSION_ENTITY_ID, CEILING_ENTITY, ADMIN_PERMISSION_ID) VALUES (-900, 'org.broadleafcommerce.common.enumeration.domain.DataDrivenEnumeration', -38);
INSERT INTO BLC_ADMIN_PERMISSION_ENTITY (ADMIN_PERMISSION_ENTITY_ID, CEILING_ENTITY, ADMIN_PERMISSION_ID) VALUES (-901, 'org.broadleafcommerce.common.enumeration.domain.DataDrivenEnumeration', -39);
INSERT INTO BLC_ADMIN_PERMISSION_ENTITY (ADMIN_PERMISSION_ENTITY_ID, CEILING_ENTITY, ADMIN_PERMISSION_ID) VALUES (-902, 'org.broadleafcommerce.common.enumeration.domain.DataDrivenEnumerationValue', -38);
INSERT INTO BLC_ADMIN_PERMISSION_ENTITY (ADMIN_PERMISSION_ENTITY_ID, CEILING_ENTITY, ADMIN_PERMISSION_ID) VALUES (-903, 'org.broadleafcommerce.common.enumeration.domain.DataDrivenEnumerationValue', -39);

-- Translations
INSERT INTO BLC_ADMIN_PERMISSION (ADMIN_PERMISSION_ID, DESCRIPTION, NAME, PERMISSION_TYPE, IS_FRIENDLY) VALUES (-40,'Read Translation','PERMISSION_READ_TRANSLATION', 'READ', FALSE);
INSERT INTO BLC_ADMIN_PERMISSION (ADMIN_PERMISSION_ID, DESCRIPTION, NAME, PERMISSION_TYPE, IS_FRIENDLY) VALUES (-41,'All Translation','PERMISSION_ALL_TRANSLATION', 'ALL', FALSE);
INSERT INTO BLC_ADMIN_PERMISSION_ENTITY (ADMIN_PERMISSION_ENTITY_ID, CEILING_ENTITY, ADMIN_PERMISSION_ID) VALUES (-910, 'org.broadleafcommerce.common.i18n.domain.Translation', -40);
INSERT INTO BLC_ADMIN_PERMISSION_ENTITY (ADMIN_PERMISSION_ENTITY_ID, CEILING_ENTITY, ADMIN_PERMISSION_ID) VALUES (-911, 'org.broadleafcommerce.common.i18n.domain.Translation', -41);

-- Site Map Generation Configuration
INSERT INTO BLC_ADMIN_PERMISSION (ADMIN_PERMISSION_ID, DESCRIPTION, NAME, PERMISSION_TYPE, IS_FRIENDLY) VALUES (-42,'Read Site Map Gen Configuration','PERMISSION_READ_SITE_MAP_GEN_CONFIG', 'READ', FALSE);
INSERT INTO BLC_ADMIN_PERMISSION (ADMIN_PERMISSION_ID, DESCRIPTION, NAME, PERMISSION_TYPE, IS_FRIENDLY) VALUES (-43,'All Site Map Gen Configuration','PERMISSION_ALL_SITE_MAP_GEN_CONFIG', 'ALL', FALSE);
INSERT INTO BLC_ADMIN_PERMISSION_ENTITY (ADMIN_PERMISSION_ENTITY_ID, CEILING_ENTITY, ADMIN_PERMISSION_ID) VALUES (-950, 'org.broadleafcommerce.common.sitemap.domain.SiteMapGeneratorConfiguration', -42);
INSERT INTO BLC_ADMIN_PERMISSION_ENTITY (ADMIN_PERMISSION_ENTITY_ID, CEILING_ENTITY, ADMIN_PERMISSION_ID) VALUES (-951, 'org.broadleafcommerce.common.sitemap.domain.SiteMapGeneratorConfiguration', -43);
INSERT INTO BLC_ADMIN_PERMISSION_ENTITY (ADMIN_PERMISSION_ENTITY_ID, CEILING_ENTITY, ADMIN_PERMISSION_ID) VALUES (-952, 'org.broadleafcommerce.common.sitemap.domain.SiteMapURLEntry', -42);
INSERT INTO BLC_ADMIN_PERMISSION_ENTITY (ADMIN_PERMISSION_ENTITY_ID, CEILING_ENTITY, ADMIN_PERMISSION_ID) VALUES (-953, 'org.broadleafcommerce.common.sitemap.domain.SiteMapURLEntry', -43);

-- System Properties
INSERT INTO BLC_ADMIN_PERMISSION (ADMIN_PERMISSION_ID, DESCRIPTION, NAME, PERMISSION_TYPE, IS_FRIENDLY) VALUES (-44,'Read System Property','PERMISSION_READ_SYSTEM_PROPERTY', 'READ', FALSE);
INSERT INTO BLC_ADMIN_PERMISSION (ADMIN_PERMISSION_ID, DESCRIPTION, NAME, PERMISSION_TYPE, IS_FRIENDLY) VALUES (-45,'All System Property','PERMISSION_ALL_SYSTEM_PROPERTY', 'ALL', FALSE);
INSERT INTO BLC_ADMIN_PERMISSION_ENTITY (ADMIN_PERMISSION_ENTITY_ID, CEILING_ENTITY, ADMIN_PERMISSION_ID) VALUES (-960, 'org.broadleafcommerce.common.config.domain.SystemProperty', -44);
INSERT INTO BLC_ADMIN_PERMISSION_ENTITY (ADMIN_PERMISSION_ENTITY_ID, CEILING_ENTITY, ADMIN_PERMISSION_ID) VALUES (-961, 'org.broadleafcommerce.common.config.domain.SystemProperty', -45);

-- Admin Roles
INSERT INTO BLC_ADMIN_PERMISSION (ADMIN_PERMISSION_ID, DESCRIPTION, NAME, PERMISSION_TYPE, IS_FRIENDLY) VALUES (-46,'Read Admin Roles','PERMISSION_READ_ADMIN_ROLES', 'READ', FALSE);
INSERT INTO BLC_ADMIN_PERMISSION (ADMIN_PERMISSION_ID, DESCRIPTION, NAME, PERMISSION_TYPE, IS_FRIENDLY) VALUES (-47,'All Admin Roles','PERMISSION_ALL_ADMIN_ROLES', 'ALL', FALSE); 
INSERT INTO BLC_ADMIN_PERMISSION_ENTITY (ADMIN_PERMISSION_ENTITY_ID, CEILING_ENTITY, ADMIN_PERMISSION_ID) VALUES (-970, 'org.broadleafcommerce.openadmin.server.security.domain.AdminRole', -46);
INSERT INTO BLC_ADMIN_PERMISSION_ENTITY (ADMIN_PERMISSION_ENTITY_ID, CEILING_ENTITY, ADMIN_PERMISSION_ID) VALUES (-971, 'org.broadleafcommerce.openadmin.server.security.domain.AdminRole', -47);

-- Admin Permissions
INSERT INTO BLC_ADMIN_PERMISSION (ADMIN_PERMISSION_ID, DESCRIPTION, NAME, PERMISSION_TYPE, IS_FRIENDLY) VALUES (-48,'Read Admin Permissions','PERMISSION_READ_ADMIN_PERMS', 'READ', FALSE);
INSERT INTO BLC_ADMIN_PERMISSION (ADMIN_PERMISSION_ID, DESCRIPTION, NAME, PERMISSION_TYPE, IS_FRIENDLY) VALUES (-49,'All Admin Permissions','PERMISSION_ALL_ADMIN_PERMS', 'ALL', FALSE); 
INSERT INTO BLC_ADMIN_PERMISSION_ENTITY (ADMIN_PERMISSION_ENTITY_ID, CEILING_ENTITY, ADMIN_PERMISSION_ID) VALUES (-980, 'org.broadleafcommerce.openadmin.server.security.domain.AdminPermission', -49);
INSERT INTO BLC_ADMIN_PERMISSION_ENTITY (ADMIN_PERMISSION_ENTITY_ID, CEILING_ENTITY, ADMIN_PERMISSION_ID) VALUES (-981, 'org.broadleafcommerce.openadmin.server.security.domain.AdminPermission', -48);
INSERT INTO BLC_ADMIN_PERMISSION_ENTITY (ADMIN_PERMISSION_ENTITY_ID, CEILING_ENTITY, ADMIN_PERMISSION_ID) VALUES (-982, 'org.broadleafcommerce.openadmin.server.security.domain.AdminPermissionQualifiedEntity', -49);
INSERT INTO BLC_ADMIN_PERMISSION_ENTITY (ADMIN_PERMISSION_ENTITY_ID, CEILING_ENTITY, ADMIN_PERMISSION_ID) VALUES (-983, 'org.broadleafcommerce.openadmin.server.security.domain.AdminPermissionQualifiedEntity', -48);

-- FieldDefinition Permissions
INSERT INTO BLC_ADMIN_PERMISSION (ADMIN_PERMISSION_ID, DESCRIPTION, NAME, PERMISSION_TYPE, IS_FRIENDLY) VALUES (-50,'Read Field Definitions','PERMISSION_READ_FIELD_DEFS', 'READ', FALSE);
INSERT INTO BLC_ADMIN_PERMISSION (ADMIN_PERMISSION_ID, DESCRIPTION, NAME, PERMISSION_TYPE, IS_FRIENDLY) VALUES (-51,'All Field Definitions','PERMISSION_ALL_FIELD_DEFS', 'ALL', FALSE); 
INSERT INTO BLC_ADMIN_PERMISSION_ENTITY (ADMIN_PERMISSION_ENTITY_ID, CEILING_ENTITY, ADMIN_PERMISSION_ID) VALUES (-990, 'org.broadleafcommerce.cms.field.domain.FieldDefinition', -50);
INSERT INTO BLC_ADMIN_PERMISSION_ENTITY (ADMIN_PERMISSION_ENTITY_ID, CEILING_ENTITY, ADMIN_PERMISSION_ID) VALUES (-991, 'org.broadleafcommerce.cms.field.domain.FieldDefinition', -51);

-- Catalog Permissions
INSERT INTO BLC_ADMIN_PERMISSION (ADMIN_PERMISSION_ID, DESCRIPTION, NAME, PERMISSION_TYPE, IS_FRIENDLY) VALUES (-52,'Read Catalog Permissions','PERMISSION_READ_CATALOG_PERMS', 'READ', FALSE);
INSERT INTO BLC_ADMIN_PERMISSION (ADMIN_PERMISSION_ID, DESCRIPTION, NAME, PERMISSION_TYPE, IS_FRIENDLY) VALUES (-53,'All Catalog Permissions','PERMISSION_ALL_CATALOG_PERMS', 'ALL', FALSE); 
INSERT INTO BLC_ADMIN_PERMISSION_ENTITY (ADMIN_PERMISSION_ENTITY_ID, CEILING_ENTITY, ADMIN_PERMISSION_ID) VALUES (-1000, 'org.broadleafcommerce.common.site.domain.Catalog', -52);
INSERT INTO BLC_ADMIN_PERMISSION_ENTITY (ADMIN_PERMISSION_ENTITY_ID, CEILING_ENTITY, ADMIN_PERMISSION_ID) VALUES (-1001, 'org.broadleafcommerce.common.site.domain.Catalog', -53);
INSERT INTO BLC_ADMIN_PERMISSION_ENTITY (ADMIN_PERMISSION_ENTITY_ID, CEILING_ENTITY, ADMIN_PERMISSION_ID) VALUES (-1002, 'org.broadleafcommerce.common.site.domain.Site', -52);
INSERT INTO BLC_ADMIN_PERMISSION_ENTITY (ADMIN_PERMISSION_ENTITY_ID, CEILING_ENTITY, ADMIN_PERMISSION_ID) VALUES (-1003, 'org.broadleafcommerce.common.site.domain.Site', -53);

-- ISO Countries
INSERT INTO BLC_ADMIN_PERMISSION (ADMIN_PERMISSION_ID, DESCRIPTION, NAME, PERMISSION_TYPE, IS_FRIENDLY) VALUES (-54,'Read ISO Countries','PERMISSION_READ_ISO_COUNTRIES', 'READ', FALSE);
INSERT INTO BLC_ADMIN_PERMISSION (ADMIN_PERMISSION_ID, DESCRIPTION, NAME, PERMISSION_TYPE, IS_FRIENDLY) VALUES (-55,'All ISO COUNTRIES','PERMISSION_ALL_ISO_COUNTRIES', 'ALL', FALSE);
INSERT INTO BLC_ADMIN_PERMISSION_ENTITY (ADMIN_PERMISSION_ENTITY_ID, CEILING_ENTITY, ADMIN_PERMISSION_ID) VALUES (-1010, 'org.broadleafcommerce.common.i18n.domain.ISOCountry', -54);
INSERT INTO BLC_ADMIN_PERMISSION_ENTITY (ADMIN_PERMISSION_ENTITY_ID, CEILING_ENTITY, ADMIN_PERMISSION_ID) VALUES (-1011, 'org.broadleafcommerce.common.i18n.domain.ISOCountry', -55);



-- Populate friendly permissions
-- category read
INSERT INTO BLC_ADMIN_PERMISSION (ADMIN_PERMISSION_ID, DESCRIPTION, NAME, PERMISSION_TYPE, IS_FRIENDLY) VALUES (-100,'View Categories','PERMISSION_CATEGORY', 'READ', TRUE);
-- category read permission
INSERT INTO BLC_ADMIN_PERMISSION_XREF (ADMIN_PERMISSION_ID, CHILD_PERMISSION_ID) VALUES (-100, -2);
-- product read
INSERT INTO BLC_ADMIN_PERMISSION_XREF (ADMIN_PERMISSION_ID, CHILD_PERMISSION_ID) VALUES (-100, -4);
-- search facet read
INSERT INTO BLC_ADMIN_PERMISSION_XREF (ADMIN_PERMISSION_ID, CHILD_PERMISSION_ID) VALUES (-100, -32);
-- Catalog read
INSERT INTO BLC_ADMIN_PERMISSION_XREF (ADMIN_PERMISSION_ID, CHILD_PERMISSION_ID) VALUES (-100, -53);

-- category all
INSERT INTO BLC_ADMIN_PERMISSION (ADMIN_PERMISSION_ID, DESCRIPTION, NAME, PERMISSION_TYPE, IS_FRIENDLY) VALUES (-101,'Maintain Categories','PERMISSION_CATEGORY', 'ALL', TRUE);
-- category all permission
INSERT INTO BLC_ADMIN_PERMISSION_XREF (ADMIN_PERMISSION_ID, CHILD_PERMISSION_ID) VALUES (-101, -3);
-- product read
INSERT INTO BLC_ADMIN_PERMISSION_XREF (ADMIN_PERMISSION_ID, CHILD_PERMISSION_ID) VALUES (-101, -4);
-- search facet read
INSERT INTO BLC_ADMIN_PERMISSION_XREF (ADMIN_PERMISSION_ID, CHILD_PERMISSION_ID) VALUES (-101, -32);
-- Catalog read
INSERT INTO BLC_ADMIN_PERMISSION_XREF (ADMIN_PERMISSION_ID, CHILD_PERMISSION_ID) VALUES (-101, -53);

-- product read
INSERT INTO BLC_ADMIN_PERMISSION (ADMIN_PERMISSION_ID, DESCRIPTION, NAME, PERMISSION_TYPE, IS_FRIENDLY) VALUES (-102,'View Products','PERMISSION_PRODUCT', 'READ', TRUE);
-- product read permission
INSERT INTO BLC_ADMIN_PERMISSION_XREF (ADMIN_PERMISSION_ID, CHILD_PERMISSION_ID) VALUES (-102, -4);
-- product option read
INSERT INTO BLC_ADMIN_PERMISSION_XREF (ADMIN_PERMISSION_ID, CHILD_PERMISSION_ID) VALUES (-102, -6);
-- sku read
INSERT INTO BLC_ADMIN_PERMISSION_XREF (ADMIN_PERMISSION_ID, CHILD_PERMISSION_ID) VALUES (-102, -8);
-- currency read
INSERT INTO BLC_ADMIN_PERMISSION_XREF (ADMIN_PERMISSION_ID, CHILD_PERMISSION_ID) VALUES (-102, -34);
-- Catalog read
INSERT INTO BLC_ADMIN_PERMISSION_XREF (ADMIN_PERMISSION_ID, CHILD_PERMISSION_ID) VALUES (-101, -53);

-- product all
INSERT INTO BLC_ADMIN_PERMISSION (ADMIN_PERMISSION_ID, DESCRIPTION, NAME, PERMISSION_TYPE, IS_FRIENDLY) VALUES (-103,'Maintain Products','PERMISSION_PRODUCT', 'ALL', TRUE);
-- product all permission
INSERT INTO BLC_ADMIN_PERMISSION_XREF (ADMIN_PERMISSION_ID, CHILD_PERMISSION_ID) VALUES (-103, -5);
-- product option read
INSERT INTO BLC_ADMIN_PERMISSION_XREF (ADMIN_PERMISSION_ID, CHILD_PERMISSION_ID) VALUES (-103, -6);
-- sku read
INSERT INTO BLC_ADMIN_PERMISSION_XREF (ADMIN_PERMISSION_ID, CHILD_PERMISSION_ID) VALUES (-103, -9);
-- currency read
INSERT INTO BLC_ADMIN_PERMISSION_XREF (ADMIN_PERMISSION_ID, CHILD_PERMISSION_ID) VALUES (-103, -34);
-- Catalog read
INSERT INTO BLC_ADMIN_PERMISSION_XREF (ADMIN_PERMISSION_ID, CHILD_PERMISSION_ID) VALUES (-103, -53);


-- product options read
INSERT INTO BLC_ADMIN_PERMISSION (ADMIN_PERMISSION_ID, DESCRIPTION, NAME, PERMISSION_TYPE, IS_FRIENDLY) VALUES (-104,'View Product Options','PERMISSION_PRODUCTOPTIONS', 'READ', TRUE);
-- product options read permission
INSERT INTO BLC_ADMIN_PERMISSION_XREF (ADMIN_PERMISSION_ID, CHILD_PERMISSION_ID) VALUES (-104, -6);
-- search facet read
INSERT INTO BLC_ADMIN_PERMISSION_XREF (ADMIN_PERMISSION_ID, CHILD_PERMISSION_ID) VALUES (-104, -32);
-- Catalog read
INSERT INTO BLC_ADMIN_PERMISSION_XREF (ADMIN_PERMISSION_ID, CHILD_PERMISSION_ID) VALUES (-104, -53);

-- product options all
INSERT INTO BLC_ADMIN_PERMISSION (ADMIN_PERMISSION_ID, DESCRIPTION, NAME, PERMISSION_TYPE, IS_FRIENDLY) VALUES (-105,'Maintain Product Options','PERMISSION_PRODUCTOPTIONS', 'ALL', TRUE);
-- product option all
INSERT INTO BLC_ADMIN_PERMISSION_XREF (ADMIN_PERMISSION_ID, CHILD_PERMISSION_ID) VALUES (-105, -7);
-- search facet read
INSERT INTO BLC_ADMIN_PERMISSION_XREF (ADMIN_PERMISSION_ID, CHILD_PERMISSION_ID) VALUES (-105, -32);
-- Catalog read
INSERT INTO BLC_ADMIN_PERMISSION_XREF (ADMIN_PERMISSION_ID, CHILD_PERMISSION_ID) VALUES (-105, -53);

-- offer read
INSERT INTO BLC_ADMIN_PERMISSION (ADMIN_PERMISSION_ID, DESCRIPTION, NAME, PERMISSION_TYPE, IS_FRIENDLY) VALUES (-106,'View Offers','PERMISSION_OFFER', 'READ', TRUE);
-- offer read permission
INSERT INTO BLC_ADMIN_PERMISSION_XREF (ADMIN_PERMISSION_ID, CHILD_PERMISSION_ID) VALUES (-106, -10);
-- Catalog read
INSERT INTO BLC_ADMIN_PERMISSION_XREF (ADMIN_PERMISSION_ID, CHILD_PERMISSION_ID) VALUES (-106, -53);

-- offer all
INSERT INTO BLC_ADMIN_PERMISSION (ADMIN_PERMISSION_ID, DESCRIPTION, NAME, PERMISSION_TYPE, IS_FRIENDLY) VALUES (-107,'Maintain Offers','PERMISSION_OFFER', 'ALL', TRUE);
-- offer all permission
INSERT INTO BLC_ADMIN_PERMISSION_XREF (ADMIN_PERMISSION_ID, CHILD_PERMISSION_ID) VALUES (-107, -11);
-- Catalog read
INSERT INTO BLC_ADMIN_PERMISSION_XREF (ADMIN_PERMISSION_ID, CHILD_PERMISSION_ID) VALUES (-106, -53);

-- page read
INSERT INTO BLC_ADMIN_PERMISSION (ADMIN_PERMISSION_ID, DESCRIPTION, NAME, PERMISSION_TYPE, IS_FRIENDLY) VALUES (-108,'View Pages','PERMISSION_PAGE', 'READ', TRUE);
-- page read permission
INSERT INTO BLC_ADMIN_PERMISSION_XREF (ADMIN_PERMISSION_ID, CHILD_PERMISSION_ID) VALUES (-108, -20);
-- page template read
INSERT INTO BLC_ADMIN_PERMISSION_XREF (ADMIN_PERMISSION_ID, CHILD_PERMISSION_ID) VALUES (-108, -200);

-- page all
INSERT INTO BLC_ADMIN_PERMISSION (ADMIN_PERMISSION_ID, DESCRIPTION, NAME, PERMISSION_TYPE, IS_FRIENDLY) VALUES (-109,'Maintain Pages','PERMISSION_PAGE', 'ALL', TRUE);
-- page all permission
INSERT INTO BLC_ADMIN_PERMISSION_XREF (ADMIN_PERMISSION_ID, CHILD_PERMISSION_ID) VALUES (-109, -21);
-- page template read
INSERT INTO BLC_ADMIN_PERMISSION_XREF (ADMIN_PERMISSION_ID, CHILD_PERMISSION_ID) VALUES (-109, -200);


-- asset read
INSERT INTO BLC_ADMIN_PERMISSION (ADMIN_PERMISSION_ID, DESCRIPTION, NAME, PERMISSION_TYPE, IS_FRIENDLY) VALUES (-110,'View Assets','PERMISSION_ASSET', 'READ', TRUE);
-- asset all permission
INSERT INTO BLC_ADMIN_PERMISSION_XREF (ADMIN_PERMISSION_ID, CHILD_PERMISSION_ID) VALUES (-110, -22);

-- asset all
INSERT INTO BLC_ADMIN_PERMISSION (ADMIN_PERMISSION_ID, DESCRIPTION, NAME, PERMISSION_TYPE, IS_FRIENDLY) VALUES (-111,'Maintain Assets','PERMISSION_ASSET', 'ALL', TRUE);
-- asset all permission
INSERT INTO BLC_ADMIN_PERMISSION_XREF (ADMIN_PERMISSION_ID, CHILD_PERMISSION_ID) VALUES (-111, -23);

-- structured content read
INSERT INTO BLC_ADMIN_PERMISSION (ADMIN_PERMISSION_ID, DESCRIPTION, NAME, PERMISSION_TYPE, IS_FRIENDLY) VALUES (-112,'View Structured Contents','PERMISSION_STRUCTUREDCONTENT', 'READ', TRUE);
-- structured content read permission
INSERT INTO BLC_ADMIN_PERMISSION_XREF (ADMIN_PERMISSION_ID, CHILD_PERMISSION_ID) VALUES (-112, -24);
-- sc template read
INSERT INTO BLC_ADMIN_PERMISSION_XREF (ADMIN_PERMISSION_ID, CHILD_PERMISSION_ID) VALUES (-112, -201);


-- structured content all
INSERT INTO BLC_ADMIN_PERMISSION (ADMIN_PERMISSION_ID, DESCRIPTION, NAME, PERMISSION_TYPE, IS_FRIENDLY) VALUES (-113,'Maintain Structured Contents','PERMISSION_STRUCTUREDCONTENT', 'ALL', TRUE);
-- structured content all permission
INSERT INTO BLC_ADMIN_PERMISSION_XREF (ADMIN_PERMISSION_ID, CHILD_PERMISSION_ID) VALUES (-113, -25);
-- sc template read
INSERT INTO BLC_ADMIN_PERMISSION_XREF (ADMIN_PERMISSION_ID, CHILD_PERMISSION_ID) VALUES (-113, -201);


-- url redirect read
INSERT INTO BLC_ADMIN_PERMISSION (ADMIN_PERMISSION_ID, DESCRIPTION, NAME, PERMISSION_TYPE, IS_FRIENDLY) VALUES (-114,'View URL Redirects','PERMISSION_URLREDIRECT', 'READ', TRUE);
-- url redirect read permission
INSERT INTO BLC_ADMIN_PERMISSION_XREF (ADMIN_PERMISSION_ID, CHILD_PERMISSION_ID) VALUES (-114, -28);

-- url redirect all
INSERT INTO BLC_ADMIN_PERMISSION (ADMIN_PERMISSION_ID, DESCRIPTION, NAME, PERMISSION_TYPE, IS_FRIENDLY) VALUES (-115,'Maintain URL Redirects','PERMISSION_URLREDIRECT', 'ALL', TRUE);
-- url redirect all permission
INSERT INTO BLC_ADMIN_PERMISSION_XREF (ADMIN_PERMISSION_ID, CHILD_PERMISSION_ID) VALUES (-115, -29);

-- order read
INSERT INTO BLC_ADMIN_PERMISSION (ADMIN_PERMISSION_ID, DESCRIPTION, NAME, PERMISSION_TYPE, IS_FRIENDLY) VALUES (-116,'View Orders','PERMISSION_ORDER', 'READ', TRUE);
-- order read permission
INSERT INTO BLC_ADMIN_PERMISSION_XREF (ADMIN_PERMISSION_ID, CHILD_PERMISSION_ID) VALUES (-116, -12);
-- order item read
INSERT INTO BLC_ADMIN_PERMISSION_XREF (ADMIN_PERMISSION_ID, CHILD_PERMISSION_ID) VALUES (-116, -16);
-- fulfillment group read
INSERT INTO BLC_ADMIN_PERMISSION_XREF (ADMIN_PERMISSION_ID, CHILD_PERMISSION_ID) VALUES (-116, -14);
-- offer code read
INSERT INTO BLC_ADMIN_PERMISSION_XREF (ADMIN_PERMISSION_ID, CHILD_PERMISSION_ID) VALUES (-116, -10);

-- order all
INSERT INTO BLC_ADMIN_PERMISSION (ADMIN_PERMISSION_ID, DESCRIPTION, NAME, PERMISSION_TYPE, IS_FRIENDLY) VALUES (-117,'Maintain Orders','PERMISSION_ORDER', 'ALL', TRUE);
-- order all permission
INSERT INTO BLC_ADMIN_PERMISSION_XREF (ADMIN_PERMISSION_ID, CHILD_PERMISSION_ID) VALUES (-117, -13);
-- order item read
INSERT INTO BLC_ADMIN_PERMISSION_XREF (ADMIN_PERMISSION_ID, CHILD_PERMISSION_ID) VALUES (-117, -16);
-- order item read
INSERT INTO BLC_ADMIN_PERMISSION_XREF (ADMIN_PERMISSION_ID, CHILD_PERMISSION_ID) VALUES (-117, -14);
-- offer code read
INSERT INTO BLC_ADMIN_PERMISSION_XREF (ADMIN_PERMISSION_ID, CHILD_PERMISSION_ID) VALUES (-117, -10);

-- customer read
INSERT INTO BLC_ADMIN_PERMISSION (ADMIN_PERMISSION_ID, DESCRIPTION, NAME, PERMISSION_TYPE, IS_FRIENDLY) VALUES (-118,'View Customers','PERMISSION_CUSTOMER', 'READ', TRUE);
-- customer read permission
INSERT INTO BLC_ADMIN_PERMISSION_XREF (ADMIN_PERMISSION_ID, CHILD_PERMISSION_ID) VALUES (-118, -18);

-- customer all
INSERT INTO BLC_ADMIN_PERMISSION (ADMIN_PERMISSION_ID, DESCRIPTION, NAME, PERMISSION_TYPE, IS_FRIENDLY) VALUES (-119,'Maintain Customers','PERMISSION_CUSTOMER', 'ALL', TRUE);
-- customer all permission
INSERT INTO BLC_ADMIN_PERMISSION_XREF (ADMIN_PERMISSION_ID, CHILD_PERMISSION_ID) VALUES (-119, -19);

-- user read
INSERT INTO BLC_ADMIN_PERMISSION (ADMIN_PERMISSION_ID, DESCRIPTION, NAME, PERMISSION_TYPE, IS_FRIENDLY) VALUES (-120,'View Users','PERMISSION_USER', 'READ', TRUE);
-- user read permission
INSERT INTO BLC_ADMIN_PERMISSION_XREF (ADMIN_PERMISSION_ID, CHILD_PERMISSION_ID) VALUES (-120, -26);
-- view admin roles
INSERT INTO BLC_ADMIN_PERMISSION_XREF (ADMIN_PERMISSION_ID, CHILD_PERMISSION_ID) VALUES (-120, -46);
-- view admin permissions
INSERT INTO BLC_ADMIN_PERMISSION_XREF (ADMIN_PERMISSION_ID, CHILD_PERMISSION_ID) VALUES (-120, -48);

-- user all
INSERT INTO BLC_ADMIN_PERMISSION (ADMIN_PERMISSION_ID, DESCRIPTION, NAME, PERMISSION_TYPE, IS_FRIENDLY) VALUES (-121,'Maintain Users','PERMISSION_USER', 'ALL', TRUE);
-- user all permission
INSERT INTO BLC_ADMIN_PERMISSION_XREF (ADMIN_PERMISSION_ID, CHILD_PERMISSION_ID) VALUES (-121, -27);
-- view admin roles
INSERT INTO BLC_ADMIN_PERMISSION_XREF (ADMIN_PERMISSION_ID, CHILD_PERMISSION_ID) VALUES (-120, -46);
-- view admin permissions
INSERT INTO BLC_ADMIN_PERMISSION_XREF (ADMIN_PERMISSION_ID, CHILD_PERMISSION_ID) VALUES (-120, -48);


-- system property read
INSERT INTO BLC_ADMIN_PERMISSION (ADMIN_PERMISSION_ID, DESCRIPTION, NAME, PERMISSION_TYPE, IS_FRIENDLY) VALUES (-122,'View System Properties','PERMISSION_SYSTEMPROPERTY', 'READ', TRUE);
-- system property read permission
INSERT INTO BLC_ADMIN_PERMISSION_XREF (ADMIN_PERMISSION_ID, CHILD_PERMISSION_ID) VALUES (-122, -44);

-- system property all
INSERT INTO BLC_ADMIN_PERMISSION (ADMIN_PERMISSION_ID, DESCRIPTION, NAME, PERMISSION_TYPE, IS_FRIENDLY) VALUES (-123,'Maintain System Properties','PERMISSION_SYSTEMPROPERTY', 'ALL', TRUE);
-- system property all permission
INSERT INTO BLC_ADMIN_PERMISSION_XREF (ADMIN_PERMISSION_ID, CHILD_PERMISSION_ID) VALUES (-123, -45);

-- module configration read
INSERT INTO BLC_ADMIN_PERMISSION (ADMIN_PERMISSION_ID, DESCRIPTION, NAME, PERMISSION_TYPE, IS_FRIENDLY) VALUES (-126,'View Module Configurations','PERMISSION_MODULECONFIGURATION', 'READ', TRUE);
-- module configration read permission
INSERT INTO BLC_ADMIN_PERMISSION_XREF (ADMIN_PERMISSION_ID, CHILD_PERMISSION_ID) VALUES (-126, -36);

-- module configration all
INSERT INTO BLC_ADMIN_PERMISSION (ADMIN_PERMISSION_ID, DESCRIPTION, NAME, PERMISSION_TYPE, IS_FRIENDLY) VALUES (-127,'Maintain Module Configurations','PERMISSION_MODULECONFIGURATION', 'ALL', TRUE);
-- module configration all permission
INSERT INTO BLC_ADMIN_PERMISSION_XREF (ADMIN_PERMISSION_ID, CHILD_PERMISSION_ID) VALUES (-127, -37);

-- translation read
INSERT INTO BLC_ADMIN_PERMISSION (ADMIN_PERMISSION_ID, DESCRIPTION, NAME, PERMISSION_TYPE, IS_FRIENDLY) VALUES (-130,'View Translations','PERMISSION_TRANSLATION', 'READ', TRUE);
-- translation read permission
INSERT INTO BLC_ADMIN_PERMISSION_XREF (ADMIN_PERMISSION_ID, CHILD_PERMISSION_ID) VALUES (-130, -40);

-- translation all
INSERT INTO BLC_ADMIN_PERMISSION (ADMIN_PERMISSION_ID, DESCRIPTION, NAME, PERMISSION_TYPE, IS_FRIENDLY) VALUES (-131,'Maintain Translations','PERMISSION_TRANSLATION', 'ALL', TRUE);
-- translation all permission
INSERT INTO BLC_ADMIN_PERMISSION_XREF (ADMIN_PERMISSION_ID, CHILD_PERMISSION_ID) VALUES (-131, -41);


-- roles read
INSERT INTO BLC_ADMIN_PERMISSION (ADMIN_PERMISSION_ID, DESCRIPTION, NAME, PERMISSION_TYPE, IS_FRIENDLY) VALUES (-140,'View Roles','PERMISSION_ROLE_VIEW', 'READ', TRUE);
-- view admin roles
INSERT INTO BLC_ADMIN_PERMISSION_XREF (ADMIN_PERMISSION_ID, CHILD_PERMISSION_ID) VALUES (-140, -46);
-- view admin permissions
INSERT INTO BLC_ADMIN_PERMISSION_XREF (ADMIN_PERMISSION_ID, CHILD_PERMISSION_ID) VALUES (-140, -48);

-- roles all
INSERT INTO BLC_ADMIN_PERMISSION (ADMIN_PERMISSION_ID, DESCRIPTION, NAME, PERMISSION_TYPE, IS_FRIENDLY) VALUES (-141,'Maintain Roles','PERMISSION_ROLE_ALL', 'ALL', TRUE);
-- all admin roles
INSERT INTO BLC_ADMIN_PERMISSION_XREF (ADMIN_PERMISSION_ID, CHILD_PERMISSION_ID) VALUES (-141, -47);
-- view admin permissions
INSERT INTO BLC_ADMIN_PERMISSION_XREF (ADMIN_PERMISSION_ID, CHILD_PERMISSION_ID) VALUES (-141, -48);


-- permissions read
INSERT INTO BLC_ADMIN_PERMISSION (ADMIN_PERMISSION_ID, DESCRIPTION, NAME, PERMISSION_TYPE, IS_FRIENDLY) VALUES (-150,'View Permissions','PERMISSION_PERM_VIEW', 'READ', TRUE);
-- view permissions
INSERT INTO BLC_ADMIN_PERMISSION_XREF (ADMIN_PERMISSION_ID, CHILD_PERMISSION_ID) VALUES (-150, -48);

-- roles all
INSERT INTO BLC_ADMIN_PERMISSION (ADMIN_PERMISSION_ID, DESCRIPTION, NAME, PERMISSION_TYPE, IS_FRIENDLY) VALUES (-151,'Maintain Permissions','PERMISSION_PERM_ALL', 'ALL', TRUE);
-- all admin roles
INSERT INTO BLC_ADMIN_PERMISSION_XREF (ADMIN_PERMISSION_ID, CHILD_PERMISSION_ID) VALUES (-151, -49);

-- Friendly permissions for FieldDefinition
INSERT INTO BLC_ADMIN_PERMISSION (ADMIN_PERMISSION_ID, DESCRIPTION, NAME, PERMISSION_TYPE, IS_FRIENDLY) VALUES (-160,'View Field Definitions','PERMISSION_FLDDEF_VIEW', 'READ', TRUE);
INSERT INTO BLC_ADMIN_PERMISSION_XREF (ADMIN_PERMISSION_ID, CHILD_PERMISSION_ID) VALUES (-160, -50);
INSERT INTO BLC_ADMIN_PERMISSION (ADMIN_PERMISSION_ID, DESCRIPTION, NAME, PERMISSION_TYPE, IS_FRIENDLY) VALUES (-161,'Maintain Field Definitions','PERMISSION_FLDDEF_ALL', 'ALL', TRUE);
INSERT INTO BLC_ADMIN_PERMISSION_XREF (ADMIN_PERMISSION_ID, CHILD_PERMISSION_ID) VALUES (-161, -51);


--These are extra permissions that do not have sections in the admin associated to them

---- sku read
--INSERT INTO BLC_ADMIN_PERMISSION (ADMIN_PERMISSION_ID, DESCRIPTION, NAME, PERMISSION_TYPE, IS_FRIENDLY) VALUES (-134,'View Sku','PERMISSION_SKU', 'READ', TRUE);
---- sku read permission
--INSERT INTO BLC_ADMIN_PERMISSION_XREF (ADMIN_PERMISSION_ID, CHILD_PERMISSION_ID) VALUES (-134, -8);
--
---- sku all
--INSERT INTO BLC_ADMIN_PERMISSION (ADMIN_PERMISSION_ID, DESCRIPTION, NAME, PERMISSION_TYPE, IS_FRIENDLY) VALUES (-135,'Maintain Sku','PERMISSION_SKU', 'ALL', TRUE);
---- sku all permission
--INSERT INTO BLC_ADMIN_PERMISSION_XREF (ADMIN_PERMISSION_ID, CHILD_PERMISSION_ID) VALUES (-135, -9);
---- search redirect read
--INSERT INTO BLC_ADMIN_PERMISSION (ADMIN_PERMISSION_ID, DESCRIPTION, NAME, PERMISSION_TYPE, IS_FRIENDLY) VALUES (-124,'View Search Redirect','PERMISSION_SEARCHREDIRECT', 'READ', TRUE);
---- system property read permission
--INSERT INTO BLC_ADMIN_PERMISSION_XREF (ADMIN_PERMISSION_ID, CHILD_PERMISSION_ID) VALUES (-124, -30);
--
---- search redirect all
--INSERT INTO BLC_ADMIN_PERMISSION (ADMIN_PERMISSION_ID, DESCRIPTION, NAME, PERMISSION_TYPE, IS_FRIENDLY) VALUES (-125,'Maintain Search Redirect','PERMISSION_SEARCHREDIRECT', 'ALL', TRUE);
---- system property all permission
--INSERT INTO BLC_ADMIN_PERMISSION_XREF (ADMIN_PERMISSION_ID, CHILD_PERMISSION_ID) VALUES (-125, -31);
--
---- enumeration read
--INSERT INTO BLC_ADMIN_PERMISSION (ADMIN_PERMISSION_ID, DESCRIPTION, NAME, PERMISSION_TYPE, IS_FRIENDLY) VALUES (-128,'View Enumeration','PERMISSION_ENUMERATION', 'READ', TRUE);
---- enumeration read permission
--INSERT INTO BLC_ADMIN_PERMISSION_XREF (ADMIN_PERMISSION_ID, CHILD_PERMISSION_ID) VALUES (-128, -38);
--
---- enumeration all
--INSERT INTO BLC_ADMIN_PERMISSION (ADMIN_PERMISSION_ID, DESCRIPTION, NAME, PERMISSION_TYPE, IS_FRIENDLY) VALUES (-129,'Maintain Enumeration','PERMISSION_ENUMERATION', 'ALL', TRUE);
---- enumeration all permission
--INSERT INTO BLC_ADMIN_PERMISSION_XREF (ADMIN_PERMISSION_ID, CHILD_PERMISSION_ID) VALUES ( -129, -39);
--
---- site map gen config read
--INSERT INTO BLC_ADMIN_PERMISSION (ADMIN_PERMISSION_ID, DESCRIPTION, NAME, PERMISSION_TYPE, IS_FRIENDLY) VALUES (-132,'View Site Map Gen Config','PERMISSION_SITE_MAP_GEN_CONFIG', 'READ', TRUE);
---- site map gen config read permission
--INSERT INTO BLC_ADMIN_PERMISSION_XREF (ADMIN_PERMISSION_ID, CHILD_PERMISSION_ID) VALUES (-132, -42);
--
---- site map gen config all
--INSERT INTO BLC_ADMIN_PERMISSION (ADMIN_PERMISSION_ID, DESCRIPTION, NAME, PERMISSION_TYPE, IS_FRIENDLY) VALUES (-133,'Maintain Site Map Gen Config','PERMISSION_SITE_MAP_GEN_CONFIG', 'ALL', TRUE);
---- site map gen config all permission
--INSERT INTO BLC_ADMIN_PERMISSION_XREF (ADMIN_PERMISSION_ID, CHILD_PERMISSION_ID) VALUES (-133, -43);
--
---- currency read
--INSERT INTO BLC_ADMIN_PERMISSION (ADMIN_PERMISSION_ID, DESCRIPTION, NAME, PERMISSION_TYPE, IS_FRIENDLY) VALUES (-136,'View Currency','PERMISSION_CURRENCY', 'READ', TRUE);
---- currency read permission
--INSERT INTO BLC_ADMIN_PERMISSION_XREF (ADMIN_PERMISSION_ID, CHILD_PERMISSION_ID) VALUES (-136, -34);
--
---- currency all
--INSERT INTO BLC_ADMIN_PERMISSION (ADMIN_PERMISSION_ID, DESCRIPTION, NAME, PERMISSION_TYPE, IS_FRIENDLY) VALUES (-137,'Maintain Currency','PERMISSION_CURRENCY', 'ALL', TRUE);
---- currency all permission
--INSERT INTO BLC_ADMIN_PERMISSION_XREF (ADMIN_PERMISSION_ID, CHILD_PERMISSION_ID) VALUES (-137, -35);
--
---- ISO Country read
--INSERT INTO BLC_ADMIN_PERMISSION (ADMIN_PERMISSION_ID, DESCRIPTION, NAME, PERMISSION_TYPE, IS_FRIENDLY) VALUES (-170,'View ISO Countries','PERMISSION_ISO_COUNTRY', 'READ', TRUE);
---- ISO Country read permission
--INSERT INTO BLC_ADMIN_PERMISSION_XREF (ADMIN_PERMISSION_ID, CHILD_PERMISSION_ID) VALUES (-170, -54);
--
---- ISO Country all
--INSERT INTO BLC_ADMIN_PERMISSION (ADMIN_PERMISSION_ID, DESCRIPTION, NAME, PERMISSION_TYPE, IS_FRIENDLY) VALUES (-171,'Maintain ISO Countries','PERMISSION_ISO_COUNTRY', 'ALL', TRUE);
---- ISO Country all permission
--INSERT INTO BLC_ADMIN_PERMISSION_XREF (ADMIN_PERMISSION_ID, CHILD_PERMISSION_ID) VALUES (-171, -55);